source_file,title,disposition,detail,destination,archived_to
nnanhuang SegAnyMo f5cae3c428e34988ba7522488f8d459b.md,nnanhuang/SegAnyMo,ingested-entity-card,,Knowledge/General-AI-VFX/nnanhuang-seganymo.md,raw/notion-dump-ingest-archive/2026-07-16/Batch-05/nnanhuang SegAnyMo f5cae3c428e34988ba7522488f8d459b.md
nv-tlabs Gamma-World 371b4695a24d8158ab01f1baa881ce02.md,nv-tlabs/Gamma-World,ingested-entity-card,,Knowledge/AI-3D/nv-tlabs-gamma-world.md,raw/notion-dump-ingest-archive/2026-07-16/Batch-05/nv-tlabs Gamma-World 371b4695a24d8158ab01f1baa881ce02.md
nv-tlabs PartField 9806217770084994bbac9d0bbde79309.md,nv-tlabs/PartField,ingested-entity-card,,Knowledge/AI-3D/nv-tlabs-partfield.md,raw/notion-dump-ingest-archive/2026-07-16/Batch-05/nv-tlabs PartField 9806217770084994bbac9d0bbde79309.md
nv-tlabs PiD 371b4695a24d813d8a4de868809e326b.md,nv-tlabs/PiD,ingested-entity-card,,Knowledge/AI-Image-Midjourney/nv-tlabs-pid.md,raw/notion-dump-ingest-archive/2026-07-16/Batch-05/nv-tlabs PiD 371b4695a24d813d8a4de868809e326b.md
oneThousand1000 AnimPortrait3D 3dd2c6771895481b8d84d2d74b83d1ee.md,oneThousand1000/AnimPortrait3D,ingested-entity-card,,Knowledge/AI-3D/onethousand1000-animportrait3d.md,raw/notion-dump-ingest-archive/2026-07-16/Batch-05/oneThousand1000 AnimPortrait3D 3dd2c6771895481b8d84d2d74b83d1ee.md
physx-omni PhysX-Omni 371b4695a24d819d98d1f528498dd802.md,physx-omni/PhysX-Omni,ingested-entity-card,,Knowledge/AI-3D/physx-omni-physx-omni.md,raw/notion-dump-ingest-archive/2026-07-16/Batch-05/physx-omni PhysX-Omni 371b4695a24d819d98d1f528498dd802.md
rajabi2001 sega 371b4695a24d81da86a3c7dc028ec138.md,rajabi2001/sega,ingested-entity-card,,Knowledge/AI-Image-Midjourney/rajabi2001-sega.md,raw/notion-dump-ingest-archive/2026-07-16/Batch-05/rajabi2001 sega 371b4695a24d81da86a3c7dc028ec138.md
ryunuri Elevate3D 42bb51edca6c450385cbd9d0877a98c8.md,ryunuri/Elevate3D,ingested-entity-card,,Knowledge/AI-3D/ryunuri-elevate3d.md,raw/notion-dump-ingest-archive/2026-07-16/Batch-05/ryunuri Elevate3D 42bb51edca6c450385cbd9d0877a98c8.md
shiyi-zh0408 FlexiAct 2e04ddc39e17442f909aa8ce1dbc59bc.md,shiyi-zh0408/FlexiAct,ingested-entity-card,,Knowledge/AI-Video/shiyi-zh0408-flexiact.md,raw/notion-dump-ingest-archive/2026-07-16/Batch-05/shiyi-zh0408 FlexiAct 2e04ddc39e17442f909aa8ce1dbc59bc.md
showlab Kiwi-Edit 35bb4695a24d81eaab3af7b03a815e43.md,showlab/Kiwi-Edit,ingested-entity-card,,Knowledge/AI-Image-Midjourney/showlab-kiwi-edit.md,raw/notion-dump-ingest-archive/2026-07-16/Batch-05/showlab Kiwi-Edit 35bb4695a24d81eaab3af7b03a815e43.md
stdstu12 YUME f4ccb8a5936244d58a7d99e7d6b578f6.md,stdstu12/YUME,ingested-entity-card,,Knowledge/General-AI-VFX/stdstu12-yume.md,raw/notion-dump-ingest-archive/2026-07-16/Batch-05/stdstu12 YUME f4ccb8a5936244d58a7d99e7d6b578f6.md
stepfun-ai Step1X-3D c2878b1b9d004e62a111569b53f44ebd.md,stepfun-ai/Step1X-3D,ingested-entity-card,,Knowledge/AI-3D/stepfun-ai-step1x-3d.md,raw/notion-dump-ingest-archive/2026-07-16/Batch-05/stepfun-ai Step1X-3D c2878b1b9d004e62a111569b53f44ebd.md
suimuc InstructAV2AV 371b4695a24d81e4967bf205e01fbe36.md,suimuc/InstructAV2AV,ingested-entity-card,,Knowledge/Audio-Fusion/suimuc-instructav2av.md,raw/notion-dump-ingest-archive/2026-07-16/Batch-05/suimuc InstructAV2AV 371b4695a24d81e4967bf205e01fbe36.md
taco-group 4KAgent 28c57cf279d44f25bca6b89b06921ffc.md,taco-group/4KAgent,ingested-entity-card,,Knowledge/AI-Image-Midjourney/taco-group-4kagent.md,raw/notion-dump-ingest-archive/2026-07-16/Batch-05/taco-group 4KAgent 28c57cf279d44f25bca6b89b06921ffc.md
wgsxm PartCrafter PartCrafter 4ae451e9c1a149ce9fde237b9dae8d1b.md,wgsxm/PartCrafter: PartCrafter,ingested-entity-card,,Knowledge/AI-3D/wgsxm-partcrafter-partcrafter.md,raw/notion-dump-ingest-archive/2026-07-16/Batch-05/wgsxm PartCrafter PartCrafter 4ae451e9c1a149ce9fde237b9dae8d1b.md
yfyang007 ControlLight 371b4695a24d81e0991af2da7b60a8a6.md,yfyang007/ControlLight,ingested-entity-card,,Knowledge/AI-Image-Midjourney/yfyang007-controllight.md,raw/notion-dump-ingest-archive/2026-07-16/Batch-05/yfyang007 ControlLight 371b4695a24d81e0991af2da7b60a8a6.md
zhuang2002 Cobra [SIGGRAPH 2025] Official code of  639dcbbbabe84ff798c452d62aa1c3fa.md,"zhuang2002/Cobra: [SIGGRAPH 2025] Official code of the paper ""Cobra: Efficient Line Art COlorization with BRoAder References""",ingested-entity-card,,Knowledge/AI-Image-Midjourney/zhuang2002-cobra-siggraph-2025-official-code-of-the-paper-cobra-efficient-line-art-colorization-with-broader-r.md,raw/notion-dump-ingest-archive/2026-07-16/Batch-05/zhuang2002 Cobra [SIGGRAPH 2025] Official code of  639dcbbbabe84ff798c452d62aa1c3fa.md
ziplab TriSplat 371b4695a24d816ea160eb171d863114.md,ziplab/TriSplat,ingested-entity-card,,Knowledge/AI-3D/ziplab-trisplat.md,raw/notion-dump-ingest-archive/2026-07-16/Batch-05/ziplab TriSplat 371b4695a24d816ea160eb171d863114.md
zju3dv Diffuman4D 7d4a35cb43ec42d4bdf87643c8230093.md,zju3dv/Diffuman4D,ingested-entity-card,,Knowledge/AI-Image-Midjourney/zju3dv-diffuman4d.md,raw/notion-dump-ingest-archive/2026-07-16/Batch-05/zju3dv Diffuman4D 7d4a35cb43ec42d4bdf87643c8230093.md
zjx0101 ObjectClear e47a9237ffb848318053437fffc40cc2.md,zjx0101/ObjectClear,ingested-entity-card,,Knowledge/AI-Video/zjx0101-objectclear.md,raw/notion-dump-ingest-archive/2026-07-16/Batch-05/zjx0101 ObjectClear e47a9237ffb848318053437fffc40cc2.md
